{
  "experiment": "XGBoost_Advanced_Features",
  "total_features": 22,
  "train_samples": 4346,
  "test_samples": 1087,
  "best_params": {
    "subsample": 1.0,
    "n_estimators": 200,
    "min_child_weight": 1,
    "max_depth": 5,
    "learning_rate": 0.1,
    "gamma": 0,
    "colsample_bytree": 1.0
  },
  "best_cv_r2": 0.9986367351520569,
  "test_r2": 0.9987491480210696,
  "test_mae": 3.59257332073732,
  "test_rmse": 17.300272132333227,
  "cv_mean_r2": 0.9986367351520569,
  "cv_std_r2": 0.0004011403404618759,
  "timestamp": "2026-03-25T22:51:49.114835"
}