feature,importance
Dollars,0.5226217621503899
Quantity,0.47737823784961014
